insert into Account values('HOSSAM_EM@gmail.com', 'HOSSAM', '1234', 'M', 'EM', 'https://i.pinimg.com/564x/5f/40/6a/5f406ab25e8942cbe0da6485afd26b71.jpg', 1250.0 )
insert into EM values('HOSSAM_EM@gmail.com')
insert into Account values('HOSSAM_PM@gmail.com', 'HOSSAM', '1234', 'M', 'PM', 'https://i.pinimg.com/564x/5f/40/6a/5f406ab25e8942cbe0da6485afd26b71.jpg', 2000.0 )
insert into PM values('HOSSAM_PM@gmail.com')
insert into Account values('HOSSAM_TL@gmail.com', 'HOSSAM', '1234', 'M', 'TL', 'https://i.pinimg.com/564x/5f/40/6a/5f406ab25e8942cbe0da6485afd26b71.jpg', 1900.0 )
insert into TL values('HOSSAM_TL@gmail.com')
insert into Account values('HOSSAM_AD@gmail.com', 'HOSSAM', '1234', 'M', 'AD', 'https://i.pinimg.com/564x/5f/40/6a/5f406ab25e8942cbe0da6485afd26b71.jpg', 2200.0 )
insert into AD values('HOSSAM_AD@gmail.com')
insert into Account values('HAMID_EM@gmail.com', 'HAMID', '1234', 'M', 'EM', 'https://i.pinimg.com/564x/5f/40/6a/5f406ab25e8942cbe0da6485afd26b71.jpg', 1250.0 )
insert into EM values('HAMID_EM@gmail.com')
insert into Account values('HAMID_PM@gmail.com', 'HAMID', '1234', 'M', 'PM', 'https://i.pinimg.com/564x/5f/40/6a/5f406ab25e8942cbe0da6485afd26b71.jpg', 2000.0 )
insert into PM values('HAMID_PM@gmail.com')
insert into Account values('HAMID_TL@gmail.com', 'HAMID', '1234', 'M', 'TL', 'https://i.pinimg.com/564x/5f/40/6a/5f406ab25e8942cbe0da6485afd26b71.jpg', 1900.0 )
insert into TL values('HAMID_TL@gmail.com')
insert into Account values('HAMID_AD@gmail.com', 'HAMID', '1234', 'M', 'AD', 'https://i.pinimg.com/564x/5f/40/6a/5f406ab25e8942cbe0da6485afd26b71.jpg', 2200.0 )
insert into AD values('HAMID_AD@gmail.com')
insert into Account values('HAZEM_AHMED_EM@gmail.com', 'HAZEM_AHMED', '1234', 'M', 'EM', 'https://i.pinimg.com/564x/5f/40/6a/5f406ab25e8942cbe0da6485afd26b71.jpg', 1250.0 )
insert into EM values('HAZEM_AHMED_EM@gmail.com')
insert into Account values('HAZEM_AHMED_PM@gmail.com', 'HAZEM_AHMED', '1234', 'M', 'PM', 'https://i.pinimg.com/564x/5f/40/6a/5f406ab25e8942cbe0da6485afd26b71.jpg', 2000.0 )
insert into PM values('HAZEM_AHMED_PM@gmail.com')
insert into Account values('HAZEM_AHMED_TL@gmail.com', 'HAZEM_AHMED', '1234', 'M', 'TL', 'https://i.pinimg.com/564x/5f/40/6a/5f406ab25e8942cbe0da6485afd26b71.jpg', 1900.0 )
insert into TL values('HAZEM_AHMED_TL@gmail.com')
insert into Account values('HAZEM_AHMED_AD@gmail.com', 'HAZEM_AHMED', '1234', 'M', 'AD', 'https://i.pinimg.com/564x/5f/40/6a/5f406ab25e8942cbe0da6485afd26b71.jpg', 2200.0 )
insert into AD values('HAZEM_AHMED_AD@gmail.com')
insert into Account values('HAZEM_WALIED_EM@gmail.com', 'HAZEM_WALIED', '1234', 'M', 'EM', 'https://i.pinimg.com/564x/5f/40/6a/5f406ab25e8942cbe0da6485afd26b71.jpg', 1250.0 )
insert into EM values('HAZEM_WALIED_EM@gmail.com')
insert into Account values('HAZEM_WALIED_PM@gmail.com', 'HAZEM_WALIED', '1234', 'M', 'PM', 'https://i.pinimg.com/564x/5f/40/6a/5f406ab25e8942cbe0da6485afd26b71.jpg', 2000.0 )
insert into PM values('HAZEM_WALIED_PM@gmail.com')
insert into Account values('HAZEM_WALIED_TL@gmail.com', 'HAZEM_WALIED', '1234', 'M', 'TL', 'https://i.pinimg.com/564x/5f/40/6a/5f406ab25e8942cbe0da6485afd26b71.jpg', 1900.0 )
insert into TL values('HAZEM_WALIED_TL@gmail.com')
insert into Account values('HAZEM_WALIED_AD@gmail.com', 'HAZEM_WALIED', '1234', 'M', 'AD', 'https://i.pinimg.com/564x/5f/40/6a/5f406ab25e8942cbe0da6485afd26b71.jpg', 2200.0 )
insert into AD values('HAZEM_WALIED_AD@gmail.com')
insert into Account values('HAFEZ_EM@gmail.com', 'HAFEZ', '1234', 'M', 'EM', 'https://i.pinimg.com/564x/5f/40/6a/5f406ab25e8942cbe0da6485afd26b71.jpg', 1250.0 )
insert into EM values('HAFEZ_EM@gmail.com')
insert into Account values('HAFEZ_PM@gmail.com', 'HAFEZ', '1234', 'M', 'PM', 'https://i.pinimg.com/564x/5f/40/6a/5f406ab25e8942cbe0da6485afd26b71.jpg', 2000.0 )
insert into PM values('HAFEZ_PM@gmail.com')
insert into Account values('HAFEZ_TL@gmail.com', 'HAFEZ', '1234', 'M', 'TL', 'https://i.pinimg.com/564x/5f/40/6a/5f406ab25e8942cbe0da6485afd26b71.jpg', 1900.0 )
insert into TL values('HAFEZ_TL@gmail.com')
insert into Account values('HAFEZ_AD@gmail.com', 'HAFEZ', '1234', 'M', 'AD', 'https://i.pinimg.com/564x/5f/40/6a/5f406ab25e8942cbe0da6485afd26b71.jpg', 2200.0 )
insert into AD values('HAFEZ_AD@gmail.com')
insert into Account values('TOQA_EM@gmail.com', 'TOQA', '1234', 'F', 'EM', 'https://i.pinimg.com/564x/ec/b3/32/ecb3320a4cb66ecdd9dd903f1fd6a5d8.jpg', 1250.0 )
insert into EM values('TOQA_EM@gmail.com')
insert into Account values('TOQA_PM@gmail.com', 'TOQA', '1234', 'F', 'PM', 'https://i.pinimg.com/564x/ec/b3/32/ecb3320a4cb66ecdd9dd903f1fd6a5d8.jpg', 2000.0 )
insert into PM values('TOQA_PM@gmail.com')
insert into Account values('TOQA_TL@gmail.com', 'TOQA', '1234', 'F', 'TL', 'https://i.pinimg.com/564x/ec/b3/32/ecb3320a4cb66ecdd9dd903f1fd6a5d8.jpg', 1900.0 )
insert into TL values('TOQA_TL@gmail.com')
insert into Account values('TOQA_AD@gmail.com', 'TOQA', '1234', 'F', 'AD', 'https://i.pinimg.com/564x/ec/b3/32/ecb3320a4cb66ecdd9dd903f1fd6a5d8.jpg', 2200.0 )
insert into AD values('TOQA_AD@gmail.com')
insert into Account values('JOUMANA_EM@gmail.com', 'JOUMANA', '1234', 'F', 'EM', 'https://i.pinimg.com/564x/ec/b3/32/ecb3320a4cb66ecdd9dd903f1fd6a5d8.jpg', 1250.0 )
insert into EM values('JOUMANA_EM@gmail.com')
insert into Account values('JOUMANA_PM@gmail.com', 'JOUMANA', '1234', 'F', 'PM', 'https://i.pinimg.com/564x/ec/b3/32/ecb3320a4cb66ecdd9dd903f1fd6a5d8.jpg', 2000.0 )
insert into PM values('JOUMANA_PM@gmail.com')
insert into Account values('JOUMANA_TL@gmail.com', 'JOUMANA', '1234', 'F', 'TL', 'https://i.pinimg.com/564x/ec/b3/32/ecb3320a4cb66ecdd9dd903f1fd6a5d8.jpg', 1900.0 )
insert into TL values('JOUMANA_TL@gmail.com')
insert into Account values('JOUMANA_AD@gmail.com', 'JOUMANA', '1234', 'F', 'AD', 'https://i.pinimg.com/564x/ec/b3/32/ecb3320a4cb66ecdd9dd903f1fd6a5d8.jpg', 2200.0 )
insert into AD values('JOUMANA_AD@gmail.com')
